customer_id,name,email,session_no,session_date,start_time,end_time,spot,lesson_type,level,instructor
C001,Alex Petrov,alex.petrov01@testmail.com,1,2025-12-22,08:00,10:00,Phuket Nai Yang,Safety & wind theory,Beginner,Coach Ben
C001,Alex Petrov,alex.petrov01@testmail.com,2,2025-12-24,08:00,10:00,Rayong Mae Ramphueng,Body drag,Beginner,Coach Ben
C001,Alex Petrov,alex.petrov01@testmail.com,3,2025-12-26,08:00,10:00,Bangsaen Beach,Water start,Advanced,Coach Art
C001,Alex Petrov,alex.petrov01@testmail.com,4,2025-12-29,08:00,10:00,Pattaya Jomtien,Riding upwind,Intermediate,Coach Mark
C001,Alex Petrov,alex.petrov01@testmail.com,5,2025-12-31,08:00,10:00,Phuket Nai Yang,Transitions,Beginner,Coach Ben
C001,Alex Petrov,alex.petrov01@testmail.com,6,2026-01-02,08:00,10:00,Hua Hin Lagoon,Self rescue,Intermediate,Coach Mark
C001,Alex Petrov,alex.petrov01@testmail.com,7,2026-01-05,08:00,10:00,Rayong Mae Ramphueng,Jump basics,Beginner,Coach Mark
C001,Alex Petrov,alex.petrov01@testmail.com,8,2026-01-07,08:00,10:00,Pranburi Beach,Safety & wind theory,Beginner,Coach Ploy
C001,Alex Petrov,alex.petrov01@testmail.com,9,2026-01-09,08:00,10:00,Rayong Mae Ramphueng,Body drag,Beginner,Coach Ben
C001,Alex Petrov,alex.petrov01@testmail.com,10,2026-01-12,08:00,10:00,Hua Hin Lagoon,Water start,Beginner,Coach Mei
C001,Alex Petrov,alex.petrov01@testmail.com,11,2026-01-14,08:00,10:00,Rayong Mae Ramphueng,Riding upwind,Intermediate,Coach Lina
C001,Alex Petrov,alex.petrov01@testmail.com,12,2026-01-16,08:00,10:00,Rayong Mae Ramphueng,Transitions,Intermediate,Coach Ben
C002,Maria Ivanova,maria.ivanova02@testmail.com,1,2025-12-23,14:00,16:00,Pattaya Jomtien,Safety & wind theory,Advanced,Coach Lina
C002,Maria Ivanova,maria.ivanova02@testmail.com,2,2025-12-25,14:00,16:00,Pranburi Beach,Body drag,Advanced,Coach Mei
C002,Maria Ivanova,maria.ivanova02@testmail.com,3,2025-12-30,14:00,16:00,Pranburi Beach,Water start,Beginner,Coach Dan
C002,Maria Ivanova,maria.ivanova02@testmail.com,4,2026-01-01,14:00,16:00,Pranburi Beach,Riding upwind,Intermediate,Coach Mei
C002,Maria Ivanova,maria.ivanova02@testmail.com,5,2026-01-06,14:00,16:00,Pattaya Jomtien,Transitions,Intermediate,Coach Art
C002,Maria Ivanova,maria.ivanova02@testmail.com,6,2026-01-08,14:00,16:00,Bangsaen Beach,Self rescue,Intermediate,Coach Lina
C002,Maria Ivanova,maria.ivanova02@testmail.com,7,2026-01-13,14:00,16:00,Bangsaen Beach,Jump basics,Beginner,Coach Dan
C002,Maria Ivanova,maria.ivanova02@testmail.com,8,2026-01-15,14:00,16:00,Rayong Mae Ramphueng,Safety & wind theory,Beginner,Coach Art
C003,Sergey Kuzmin,sergey.kuzmin03@testmail.com,1,2025-12-24,14:00,16:00,Rayong Mae Ramphueng,Safety & wind theory,Beginner,Coach Lina
C003,Sergey Kuzmin,sergey.kuzmin03@testmail.com,2,2025-12-27,14:00,16:00,Bangsaen Beach,Body drag,Beginner,Coach Mei
C003,Sergey Kuzmin,sergey.kuzmin03@testmail.com,3,2025-12-31,14:00,16:00,Bangsaen Beach,Water start,Advanced,Coach Lina
C003,Sergey Kuzmin,sergey.kuzmin03@testmail.com,4,2026-01-03,14:00,16:00,Bangsaen Beach,Riding upwind,Beginner,Coach Ben
C003,Sergey Kuzmin,sergey.kuzmin03@testmail.com,5,2026-01-07,14:00,16:00,Bangsaen Beach,Transitions,Intermediate,Coach Art
C003,Sergey Kuzmin,sergey.kuzmin03@testmail.com,6,2026-01-10,14:00,16:00,Phuket Nai Yang,Self rescue,Beginner,Coach Mei
C003,Sergey Kuzmin,sergey.kuzmin03@testmail.com,7,2026-01-14,14:00,16:00,Hua Hin Lagoon,Jump basics,Intermediate,Coach Art
C003,Sergey Kuzmin,sergey.kuzmin03@testmail.com,8,2026-01-17,14:00,16:00,Pranburi Beach,Safety & wind theory,Beginner,Coach Art
C004,Anna Volkova,anna.volkova04@testmail.com,1,2025-12-22,10:00,12:00,Pattaya Jomtien,Safety & wind theory,Advanced,Coach Lina
C004,Anna Volkova,anna.volkova04@testmail.com,2,2025-12-24,10:00,12:00,Pattaya Jomtien,Body drag,Intermediate,Coach Lina
C004,Anna Volkova,anna.volkova04@testmail.com,3,2025-12-26,10:00,12:00,Bangsaen Beach,Water start,Beginner,Coach Mei
C004,Anna Volkova,anna.volkova04@testmail.com,4,2025-12-29,10:00,12:00,Phuket Nai Yang,Riding upwind,Intermediate,Coach Ploy
C004,Anna Volkova,anna.volkova04@testmail.com,5,2025-12-31,10:00,12:00,Pattaya Jomtien,Transitions,Intermediate,Coach Ben
C004,Anna Volkova,anna.volkova04@testmail.com,6,2026-01-02,10:00,12:00,Bangsaen Beach,Self rescue,Advanced,Coach Mei
C004,Anna Volkova,anna.volkova04@testmail.com,7,2026-01-05,10:00,12:00,Pranburi Beach,Jump basics,Advanced,Coach Mark
C004,Anna Volkova,anna.volkova04@testmail.com,8,2026-01-07,10:00,12:00,Pattaya Jomtien,Safety & wind theory,Beginner,Coach Mei
C004,Anna Volkova,anna.volkova04@testmail.com,9,2026-01-09,10:00,12:00,Bangsaen Beach,Body drag,Intermediate,Coach Lina
C004,Anna Volkova,anna.volkova04@testmail.com,10,2026-01-12,10:00,12:00,Hua Hin Lagoon,Water start,Beginner,Coach Art
C004,Anna Volkova,anna.volkova04@testmail.com,11,2026-01-14,10:00,12:00,Hua Hin Lagoon,Riding upwind,Intermediate,Coach Ploy
C004,Anna Volkova,anna.volkova04@testmail.com,12,2026-01-16,10:00,12:00,Phuket Nai Yang,Transitions,Beginner,Coach Ploy
C005,Dmitry Smirnov,dmitry.smirnov05@testmail.com,1,2025-12-22,08:00,10:00,Bangsaen Beach,Safety & wind theory,Beginner,Coach Ploy
C005,Dmitry Smirnov,dmitry.smirnov05@testmail.com,2,2025-12-24,08:00,10:00,Bangsaen Beach,Body drag,Advanced,Coach Mark
C005,Dmitry Smirnov,dmitry.smirnov05@testmail.com,3,2025-12-26,08:00,10:00,Rayong Mae Ramphueng,Water start,Advanced,Coach Ben
C005,Dmitry Smirnov,dmitry.smirnov05@testmail.com,4,2025-12-29,08:00,10:00,Bangsaen Beach,Riding upwind,Beginner,Coach Ben
C005,Dmitry Smirnov,dmitry.smirnov05@testmail.com,5,2025-12-31,08:00,10:00,Hua Hin Lagoon,Transitions,Beginner,Coach Ploy
C005,Dmitry Smirnov,dmitry.smirnov05@testmail.com,6,2026-01-02,08:00,10:00,Pattaya Jomtien,Self rescue,Intermediate,Coach Lina
C005,Dmitry Smirnov,dmitry.smirnov05@testmail.com,7,2026-01-05,08:00,10:00,Bangsaen Beach,Jump basics,Intermediate,Coach Lina
C005,Dmitry Smirnov,dmitry.smirnov05@testmail.com,8,2026-01-07,08:00,10:00,Bangsaen Beach,Safety & wind theory,Intermediate,Coach Ploy
C005,Dmitry Smirnov,dmitry.smirnov05@testmail.com,9,2026-01-09,08:00,10:00,Pattaya Jomtien,Body drag,Intermediate,Coach Dan
C005,Dmitry Smirnov,dmitry.smirnov05@testmail.com,10,2026-01-12,08:00,10:00,Pranburi Beach,Water start,Intermediate,Coach Mei
C005,Dmitry Smirnov,dmitry.smirnov05@testmail.com,11,2026-01-14,08:00,10:00,Pranburi Beach,Riding upwind,Advanced,Coach Mei
C005,Dmitry Smirnov,dmitry.smirnov05@testmail.com,12,2026-01-16,08:00,10:00,Hua Hin Lagoon,Transitions,Intermediate,Coach Lina
C006,Elena Orlova,elena.orlova06@testmail.com,1,2025-12-23,14:00,16:00,Hua Hin Lagoon,Safety & wind theory,Intermediate,Coach Mark
C006,Elena Orlova,elena.orlova06@testmail.com,2,2025-12-25,14:00,16:00,Pranburi Beach,Body drag,Advanced,Coach Art
C006,Elena Orlova,elena.orlova06@testmail.com,3,2025-12-30,14:00,16:00,Pranburi Beach,Water start,Beginner,Coach Dan
C006,Elena Orlova,elena.orlova06@testmail.com,4,2026-01-01,14:00,16:00,Bangsaen Beach,Riding upwind,Beginner,Coach Art
C006,Elena Orlova,elena.orlova06@testmail.com,5,2026-01-06,14:00,16:00,Rayong Mae Ramphueng,Transitions,Intermediate,Coach Ben
C006,Elena Orlova,elena.orlova06@testmail.com,6,2026-01-08,14:00,16:00,Hua Hin Lagoon,Self rescue,Advanced,Coach Mark
C006,Elena Orlova,elena.orlova06@testmail.com,7,2026-01-13,14:00,16:00,Bangsaen Beach,Jump basics,Advanced,Coach Ben
C006,Elena Orlova,elena.orlova06@testmail.com,8,2026-01-15,14:00,16:00,Bangsaen Beach,Safety & wind theory,Beginner,Coach Art
C007,Pavel Nikitin,pavel.nikitin07@testmail.com,1,2025-12-22,16:00,18:00,Pranburi Beach,Safety & wind theory,Beginner,Coach Ben
C007,Pavel Nikitin,pavel.nikitin07@testmail.com,2,2025-12-25,16:00,18:00,Pattaya Jomtien,Body drag,Beginner,Coach Mark
C007,Pavel Nikitin,pavel.nikitin07@testmail.com,3,2025-12-29,16:00,18:00,Hua Hin Lagoon,Water start,Advanced,Coach Art
C007,Pavel Nikitin,pavel.nikitin07@testmail.com,4,2026-01-01,16:00,18:00,Bangsaen Beach,Riding upwind,Advanced,Coach Art
C007,Pavel Nikitin,pavel.nikitin07@testmail.com,5,2026-01-05,16:00,18:00,Pattaya Jomtien,Transitions,Beginner,Coach Mei
C007,Pavel Nikitin,pavel.nikitin07@testmail.com,6,2026-01-08,16:00,18:00,Rayong Mae Ramphueng,Self rescue,Advanced,Coach Art
C007,Pavel Nikitin,pavel.nikitin07@testmail.com,7,2026-01-12,16:00,18:00,Phuket Nai Yang,Jump basics,Intermediate,Coach Lina
C007,Pavel Nikitin,pavel.nikitin07@testmail.com,8,2026-01-15,16:00,18:00,Pranburi Beach,Safety & wind theory,Advanced,Coach Dan
C008,Olga Fedorova,olga.fedorova08@testmail.com,1,2025-12-23,14:00,16:00,Phuket Nai Yang,Safety & wind theory,Beginner,Coach Ploy
C008,Olga Fedorova,olga.fedorova08@testmail.com,2,2025-12-25,14:00,16:00,Pranburi Beach,Body drag,Beginner,Coach Mei
C008,Olga Fedorova,olga.fedorova08@testmail.com,3,2025-12-30,14:00,16:00,Pattaya Jomtien,Water start,Intermediate,Coach Dan
C008,Olga Fedorova,olga.fedorova08@testmail.com,4,2026-01-01,14:00,16:00,Bangsaen Beach,Riding upwind,Beginner,Coach Ploy
C008,Olga Fedorova,olga.fedorova08@testmail.com,5,2026-01-06,14:00,16:00,Rayong Mae Ramphueng,Transitions,Advanced,Coach Mark
C008,Olga Fedorova,olga.fedorova08@testmail.com,6,2026-01-08,14:00,16:00,Rayong Mae Ramphueng,Self rescue,Beginner,Coach Lina
C008,Olga Fedorova,olga.fedorova08@testmail.com,7,2026-01-13,14:00,16:00,Phuket Nai Yang,Jump basics,Advanced,Coach Lina
C008,Olga Fedorova,olga.fedorova08@testmail.com,8,2026-01-15,14:00,16:00,Bangsaen Beach,Safety & wind theory,Intermediate,Coach Lina
C009,Ivan Morozov,ivan.morozov09@testmail.com,1,2025-12-24,14:00,16:00,Phuket Nai Yang,Safety & wind theory,Intermediate,Coach Lina
C009,Ivan Morozov,ivan.morozov09@testmail.com,2,2025-12-27,14:00,16:00,Rayong Mae Ramphueng,Body drag,Intermediate,Coach Mei
C009,Ivan Morozov,ivan.morozov09@testmail.com,3,2025-12-31,14:00,16:00,Rayong Mae Ramphueng,Water start,Intermediate,Coach Ben
C009,Ivan Morozov,ivan.morozov09@testmail.com,4,2026-01-03,14:00,16:00,Rayong Mae Ramphueng,Riding upwind,Advanced,Coach Mark
C009,Ivan Morozov,ivan.morozov09@testmail.com,5,2026-01-07,14:00,16:00,Rayong Mae Ramphueng,Transitions,Advanced,Coach Dan
C009,Ivan Morozov,ivan.morozov09@testmail.com,6,2026-01-10,14:00,16:00,Bangsaen Beach,Self rescue,Advanced,Coach Lina
C009,Ivan Morozov,ivan.morozov09@testmail.com,7,2026-01-14,14:00,16:00,Bangsaen Beach,Jump basics,Intermediate,Coach Mark
C009,Ivan Morozov,ivan.morozov09@testmail.com,8,2026-01-17,14:00,16:00,Rayong Mae Ramphueng,Safety & wind theory,Advanced,Coach Lina
C010,Natalia Sokolova,natalia.sokolova10@testmail.com,1,2025-12-23,14:00,16:00,Phuket Nai Yang,Safety & wind theory,Intermediate,Coach Art
C010,Natalia Sokolova,natalia.sokolova10@testmail.com,2,2025-12-25,14:00,16:00,Pranburi Beach,Body drag,Beginner,Coach Dan
C010,Natalia Sokolova,natalia.sokolova10@testmail.com,3,2025-12-30,14:00,16:00,Pranburi Beach,Water start,Beginner,Coach Mei
C010,Natalia Sokolova,natalia.sokolova10@testmail.com,4,2026-01-01,14:00,16:00,Rayong Mae Ramphueng,Riding upwind,Intermediate,Coach Ploy
C010,Natalia Sokolova,natalia.sokolova10@testmail.com,5,2026-01-06,14:00,16:00,Bangsaen Beach,Transitions,Intermediate,Coach Mark
C010,Natalia Sokolova,natalia.sokolova10@testmail.com,6,2026-01-08,14:00,16:00,Pattaya Jomtien,Self rescue,Advanced,Coach Ben
C010,Natalia Sokolova,natalia.sokolova10@testmail.com,7,2026-01-13,14:00,16:00,Bangsaen Beach,Jump basics,Intermediate,Coach Mark
C010,Natalia Sokolova,natalia.sokolova10@testmail.com,8,2026-01-15,14:00,16:00,Hua Hin Lagoon,Safety & wind theory,Intermediate,Coach Mei
C011,Kirill Andreev,kirill.andreev11@testmail.com,1,2025-12-24,12:00,14:00,Hua Hin Lagoon,Safety & wind theory,Intermediate,Coach Mei
C011,Kirill Andreev,kirill.andreev11@testmail.com,2,2025-12-26,12:00,14:00,Rayong Mae Ramphueng,Body drag,Intermediate,Coach Mei
C011,Kirill Andreev,kirill.andreev11@testmail.com,3,2025-12-31,12:00,14:00,Rayong Mae Ramphueng,Water start,Intermediate,Coach Mark
C011,Kirill Andreev,kirill.andreev11@testmail.com,4,2026-01-02,12:00,14:00,Bangsaen Beach,Riding upwind,Beginner,Coach Mei
C011,Kirill Andreev,kirill.andreev11@testmail.com,5,2026-01-07,12:00,14:00,Rayong Mae Ramphueng,Transitions,Beginner,Coach Mark
C011,Kirill Andreev,kirill.andreev11@testmail.com,6,2026-01-09,12:00,14:00,Rayong Mae Ramphueng,Self rescue,Intermediate,Coach Art
C011,Kirill Andreev,kirill.andreev11@testmail.com,7,2026-01-14,12:00,14:00,Pattaya Jomtien,Jump basics,Beginner,Coach Lina
C011,Kirill Andreev,kirill.andreev11@testmail.com,8,2026-01-16,12:00,14:00,Phuket Nai Yang,Safety & wind theory,Beginner,Coach Dan
C012,Svetlana Belova,svetlana.belova12@testmail.com,1,2025-12-24,14:00,16:00,Phuket Nai Yang,Safety & wind theory,Beginner,Coach Lina
C012,Svetlana Belova,svetlana.belova12@testmail.com,2,2025-12-27,14:00,16:00,Hua Hin Lagoon,Body drag,Advanced,Coach Mei
C012,Svetlana Belova,svetlana.belova12@testmail.com,3,2025-12-31,14:00,16:00,Phuket Nai Yang,Water start,Beginner,Coach Ben
C012,Svetlana Belova,svetlana.belova12@testmail.com,4,2026-01-03,14:00,16:00,Pattaya Jomtien,Riding upwind,Advanced,Coach Art
C012,Svetlana Belova,svetlana.belova12@testmail.com,5,2026-01-07,14:00,16:00,Hua Hin Lagoon,Transitions,Advanced,Coach Lina
C012,Svetlana Belova,svetlana.belova12@testmail.com,6,2026-01-10,14:00,16:00,Hua Hin Lagoon,Self rescue,Beginner,Coach Ploy
C012,Svetlana Belova,svetlana.belova12@testmail.com,7,2026-01-14,14:00,16:00,Hua Hin Lagoon,Jump basics,Beginner,Coach Mei
C012,Svetlana Belova,svetlana.belova12@testmail.com,8,2026-01-17,14:00,16:00,Pattaya Jomtien,Safety & wind theory,Intermediate,Coach Ben
C013,Roman Egorov,roman.egorov13@testmail.com,1,2025-12-24,12:00,14:00,Pranburi Beach,Safety & wind theory,Advanced,Coach Ben
C013,Roman Egorov,roman.egorov13@testmail.com,2,2025-12-26,12:00,14:00,Phuket Nai Yang,Body drag,Beginner,Coach Lina
C013,Roman Egorov,roman.egorov13@testmail.com,3,2025-12-31,12:00,14:00,Bangsaen Beach,Water start,Advanced,Coach Ploy
C013,Roman Egorov,roman.egorov13@testmail.com,4,2026-01-02,12:00,14:00,Pattaya Jomtien,Riding upwind,Beginner,Coach Lina
C013,Roman Egorov,roman.egorov13@testmail.com,5,2026-01-07,12:00,14:00,Pattaya Jomtien,Transitions,Beginner,Coach Dan
C013,Roman Egorov,roman.egorov13@testmail.com,6,2026-01-09,12:00,14:00,Hua Hin Lagoon,Self rescue,Intermediate,Coach Lina
C013,Roman Egorov,roman.egorov13@testmail.com,7,2026-01-14,12:00,14:00,Pranburi Beach,Jump basics,Beginner,Coach Lina
C013,Roman Egorov,roman.egorov13@testmail.com,8,2026-01-16,12:00,14:00,Phuket Nai Yang,Safety & wind theory,Intermediate,Coach Dan
C014,Irina Pavlova,irina.pavlova14@testmail.com,1,2025-12-26,10:00,13:00,Phuket Nai Yang,Safety & wind theory,Beginner,Coach Dan
C014,Irina Pavlova,irina.pavlova14@testmail.com,2,2025-12-28,10:00,13:00,Rayong Mae Ramphueng,Body drag,Advanced,Coach Ploy
C014,Irina Pavlova,irina.pavlova14@testmail.com,3,2026-01-02,10:00,13:00,Rayong Mae Ramphueng,Water start,Advanced,Coach Dan
C014,Irina Pavlova,irina.pavlova14@testmail.com,4,2026-01-04,10:00,13:00,Bangsaen Beach,Riding upwind,Beginner,Coach Dan
C014,Irina Pavlova,irina.pavlova14@testmail.com,5,2026-01-09,10:00,13:00,Rayong Mae Ramphueng,Transitions,Beginner,Coach Dan
C014,Irina Pavlova,irina.pavlova14@testmail.com,6,2026-01-11,10:00,13:00,Bangsaen Beach,Self rescue,Beginner,Coach Art
C014,Irina Pavlova,irina.pavlova14@testmail.com,7,2026-01-16,10:00,13:00,Phuket Nai Yang,Jump basics,Intermediate,Coach Mei
C014,Irina Pavlova,irina.pavlova14@testmail.com,8,2026-01-18,10:00,13:00,Pattaya Jomtien,Safety & wind theory,Intermediate,Coach Art
C015,Maxim Tarasov,maxim.tarasov15@testmail.com,1,2025-12-27,09:00,11:00,Bangsaen Beach,Safety & wind theory,Advanced,Coach Ploy
C015,Maxim Tarasov,maxim.tarasov15@testmail.com,2,2025-12-28,09:00,11:00,Hua Hin Lagoon,Body drag,Advanced,Coach Dan
C015,Maxim Tarasov,maxim.tarasov15@testmail.com,3,2026-01-03,09:00,11:00,Pranburi Beach,Water start,Beginner,Coach Ploy
C015,Maxim Tarasov,maxim.tarasov15@testmail.com,4,2026-01-04,09:00,11:00,Rayong Mae Ramphueng,Riding upwind,Beginner,Coach Ben
C015,Maxim Tarasov,maxim.tarasov15@testmail.com,5,2026-01-10,09:00,11:00,Pranburi Beach,Transitions,Advanced,Coach Mei
C015,Maxim Tarasov,maxim.tarasov15@testmail.com,6,2026-01-11,09:00,11:00,Pranburi Beach,Self rescue,Advanced,Coach Mei
C015,Maxim Tarasov,maxim.tarasov15@testmail.com,7,2026-01-17,09:00,11:00,Phuket Nai Yang,Jump basics,Beginner,Coach Ploy
C015,Maxim Tarasov,maxim.tarasov15@testmail.com,8,2026-01-18,09:00,11:00,Pranburi Beach,Safety & wind theory,Beginner,Coach Dan
C016,Alina Zakharova,alina.zakharova16@testmail.com,1,2025-12-26,10:00,13:00,Phuket Nai Yang,Safety & wind theory,Advanced,Coach Mei
C016,Alina Zakharova,alina.zakharova16@testmail.com,2,2025-12-28,10:00,13:00,Pranburi Beach,Body drag,Beginner,Coach Dan
C016,Alina Zakharova,alina.zakharova16@testmail.com,3,2026-01-02,10:00,13:00,Phuket Nai Yang,Water start,Advanced,Coach Mei
C016,Alina Zakharova,alina.zakharova16@testmail.com,4,2026-01-04,10:00,13:00,Phuket Nai Yang,Riding upwind,Intermediate,Coach Ploy
C016,Alina Zakharova,alina.zakharova16@testmail.com,5,2026-01-09,10:00,13:00,Phuket Nai Yang,Transitions,Advanced,Coach Art
C016,Alina Zakharova,alina.zakharova16@testmail.com,6,2026-01-11,10:00,13:00,Hua Hin Lagoon,Self rescue,Beginner,Coach Ploy
C016,Alina Zakharova,alina.zakharova16@testmail.com,7,2026-01-16,10:00,13:00,Pattaya Jomtien,Jump basics,Advanced,Coach Mei
C016,Alina Zakharova,alina.zakharova16@testmail.com,8,2026-01-18,10:00,13:00,Hua Hin Lagoon,Safety & wind theory,Advanced,Coach Art
C017,Oleg Vinogradov,oleg.vinogradov17@testmail.com,1,2025-12-22,08:00,10:00,Phuket Nai Yang,Safety & wind theory,Advanced,Coach Ploy
C017,Oleg Vinogradov,oleg.vinogradov17@testmail.com,2,2025-12-24,08:00,10:00,Bangsaen Beach,Body drag,Advanced,Coach Dan
C017,Oleg Vinogradov,oleg.vinogradov17@testmail.com,3,2025-12-26,08:00,10:00,Hua Hin Lagoon,Water start,Intermediate,Coach Ploy
C017,Oleg Vinogradov,oleg.vinogradov17@testmail.com,4,2025-12-29,08:00,10:00,Rayong Mae Ramphueng,Riding upwind,Advanced,Coach Mei
C017,Oleg Vinogradov,oleg.vinogradov17@testmail.com,5,2025-12-31,08:00,10:00,Pattaya Jomtien,Transitions,Intermediate,Coach Ploy
C017,Oleg Vinogradov,oleg.vinogradov17@testmail.com,6,2026-01-02,08:00,10:00,Pranburi Beach,Self rescue,Intermediate,Coach Lina
C017,Oleg Vinogradov,oleg.vinogradov17@testmail.com,7,2026-01-05,08:00,10:00,Pattaya Jomtien,Jump basics,Advanced,Coach Ben
C017,Oleg Vinogradov,oleg.vinogradov17@testmail.com,8,2026-01-07,08:00,10:00,Hua Hin Lagoon,Safety & wind theory,Advanced,Coach Mei
C017,Oleg Vinogradov,oleg.vinogradov17@testmail.com,9,2026-01-09,08:00,10:00,Phuket Nai Yang,Body drag,Beginner,Coach Art
C017,Oleg Vinogradov,oleg.vinogradov17@testmail.com,10,2026-01-12,08:00,10:00,Pranburi Beach,Water start,Advanced,Coach Art
C017,Oleg Vinogradov,oleg.vinogradov17@testmail.com,11,2026-01-14,08:00,10:00,Bangsaen Beach,Riding upwind,Intermediate,Coach Ben
C017,Oleg Vinogradov,oleg.vinogradov17@testmail.com,12,2026-01-16,08:00,10:00,Pranburi Beach,Transitions,Beginner,Coach Dan
C018,Yulia Medvedeva,yulia.medvedeva18@testmail.com,1,2025-12-28,16:00,18:00,Hua Hin Lagoon,Safety & wind theory,Beginner,Coach Lina
C018,Yulia Medvedeva,yulia.medvedeva18@testmail.com,2,2026-01-04,16:00,18:00,Bangsaen Beach,Body drag,Beginner,Coach Lina
C018,Yulia Medvedeva,yulia.medvedeva18@testmail.com,3,2026-01-11,16:00,18:00,Rayong Mae Ramphueng,Water start,Intermediate,Coach Ben
C018,Yulia Medvedeva,yulia.medvedeva18@testmail.com,4,2026-01-18,16:00,18:00,Pattaya Jomtien,Riding upwind,Beginner,Coach Ploy
C019,Artem Kozlov,artem.kozlov19@testmail.com,1,2025-12-22,10:00,12:00,Rayong Mae Ramphueng,Safety & wind theory,Advanced,Coach Lina
C019,Artem Kozlov,artem.kozlov19@testmail.com,2,2025-12-24,10:00,12:00,Pranburi Beach,Body drag,Advanced,Coach Ploy
C019,Artem Kozlov,artem.kozlov19@testmail.com,3,2025-12-26,10:00,12:00,Pattaya Jomtien,Water start,Intermediate,Coach Lina
C019,Artem Kozlov,artem.kozlov19@testmail.com,4,2025-12-29,10:00,12:00,Pranburi Beach,Riding upwind,Beginner,Coach Mei
C019,Artem Kozlov,artem.kozlov19@testmail.com,5,2025-12-31,10:00,12:00,Bangsaen Beach,Transitions,Beginner,Coach Ben
C019,Artem Kozlov,artem.kozlov19@testmail.com,6,2026-01-02,10:00,12:00,Hua Hin Lagoon,Self rescue,Intermediate,Coach Lina
C019,Artem Kozlov,artem.kozlov19@testmail.com,7,2026-01-05,10:00,12:00,Rayong Mae Ramphueng,Jump basics,Advanced,Coach Ploy
C019,Artem Kozlov,artem.kozlov19@testmail.com,8,2026-01-07,10:00,12:00,Rayong Mae Ramphueng,Safety & wind theory,Beginner,Coach Lina
C019,Artem Kozlov,artem.kozlov19@testmail.com,9,2026-01-09,10:00,12:00,Pattaya Jomtien,Body drag,Beginner,Coach Lina
C019,Artem Kozlov,artem.kozlov19@testmail.com,10,2026-01-12,10:00,12:00,Pranburi Beach,Water start,Intermediate,Coach Art
C019,Artem Kozlov,artem.kozlov19@testmail.com,11,2026-01-14,10:00,12:00,Rayong Mae Ramphueng,Riding upwind,Advanced,Coach Dan
C019,Artem Kozlov,artem.kozlov19@testmail.com,12,2026-01-16,10:00,12:00,Rayong Mae Ramphueng,Transitions,Intermediate,Coach Ben
C020,Polina Romanova,polina.romanova20@testmail.com,1,2025-12-23,18:00,20:00,Rayong Mae Ramphueng,Safety & wind theory,Advanced,Coach Ploy
C020,Polina Romanova,polina.romanova20@testmail.com,2,2025-12-26,18:00,20:00,Pattaya Jomtien,Body drag,Advanced,Coach Lina
C020,Polina Romanova,polina.romanova20@testmail.com,3,2025-12-30,18:00,20:00,Pattaya Jomtien,Water start,Advanced,Coach Ploy
C020,Polina Romanova,polina.romanova20@testmail.com,4,2026-01-02,18:00,20:00,Hua Hin Lagoon,Riding upwind,Intermediate,Coach Ben
C020,Polina Romanova,polina.romanova20@testmail.com,5,2026-01-06,18:00,20:00,Phuket Nai Yang,Transitions,Advanced,Coach Ben
C020,Polina Romanova,polina.romanova20@testmail.com,6,2026-01-09,18:00,20:00,Pattaya Jomtien,Self rescue,Advanced,Coach Mei
C020,Polina Romanova,polina.romanova20@testmail.com,7,2026-01-13,18:00,20:00,Phuket Nai Yang,Jump basics,Beginner,Coach Ploy
C020,Polina Romanova,polina.romanova20@testmail.com,8,2026-01-16,18:00,20:00,Pranburi Beach,Safety & wind theory,Beginner,Coach Dan
C021,Denis Yakovlev,denis.yakovlev21@testmail.com,1,2025-12-22,16:00,18:00,Phuket Nai Yang,Safety & wind theory,Beginner,Coach Dan
C021,Denis Yakovlev,denis.yakovlev21@testmail.com,2,2025-12-25,16:00,18:00,Rayong Mae Ramphueng,Body drag,Intermediate,Coach Mark
C021,Denis Yakovlev,denis.yakovlev21@testmail.com,3,2025-12-29,16:00,18:00,Hua Hin Lagoon,Water start,Beginner,Coach Lina
C021,Denis Yakovlev,denis.yakovlev21@testmail.com,4,2026-01-01,16:00,18:00,Pranburi Beach,Riding upwind,Intermediate,Coach Lina
C021,Denis Yakovlev,denis.yakovlev21@testmail.com,5,2026-01-05,16:00,18:00,Hua Hin Lagoon,Transitions,Advanced,Coach Mark
C021,Denis Yakovlev,denis.yakovlev21@testmail.com,6,2026-01-08,16:00,18:00,Pattaya Jomtien,Self rescue,Intermediate,Coach Dan
C021,Denis Yakovlev,denis.yakovlev21@testmail.com,7,2026-01-12,16:00,18:00,Pattaya Jomtien,Jump basics,Advanced,Coach Ploy
C021,Denis Yakovlev,denis.yakovlev21@testmail.com,8,2026-01-15,16:00,18:00,Hua Hin Lagoon,Safety & wind theory,Beginner,Coach Ben
C022,Ksenia Mikhailova,ksenia.mikhailova22@testmail.com,1,2025-12-22,08:00,10:00,Pattaya Jomtien,Safety & wind theory,Intermediate,Coach Ben
C022,Ksenia Mikhailova,ksenia.mikhailova22@testmail.com,2,2025-12-24,08:00,10:00,Pranburi Beach,Body drag,Advanced,Coach Mark
C022,Ksenia Mikhailova,ksenia.mikhailova22@testmail.com,3,2025-12-26,08:00,10:00,Pattaya Jomtien,Water start,Advanced,Coach Ploy
C022,Ksenia Mikhailova,ksenia.mikhailova22@testmail.com,4,2025-12-29,08:00,10:00,Phuket Nai Yang,Riding upwind,Beginner,Coach Dan
C022,Ksenia Mikhailova,ksenia.mikhailova22@testmail.com,5,2025-12-31,08:00,10:00,Pattaya Jomtien,Transitions,Intermediate,Coach Art
C022,Ksenia Mikhailova,ksenia.mikhailova22@testmail.com,6,2026-01-02,08:00,10:00,Pranburi Beach,Self rescue,Advanced,Coach Art
C022,Ksenia Mikhailova,ksenia.mikhailova22@testmail.com,7,2026-01-05,08:00,10:00,Hua Hin Lagoon,Jump basics,Advanced,Coach Ploy
C022,Ksenia Mikhailova,ksenia.mikhailova22@testmail.com,8,2026-01-07,08:00,10:00,Phuket Nai Yang,Safety & wind theory,Beginner,Coach Ploy
C022,Ksenia Mikhailova,ksenia.mikhailova22@testmail.com,9,2026-01-09,08:00,10:00,Bangsaen Beach,Body drag,Intermediate,Coach Ploy
C022,Ksenia Mikhailova,ksenia.mikhailova22@testmail.com,10,2026-01-12,08:00,10:00,Pranburi Beach,Water start,Intermediate,Coach Mei
C022,Ksenia Mikhailova,ksenia.mikhailova22@testmail.com,11,2026-01-14,08:00,10:00,Pranburi Beach,Riding upwind,Intermediate,Coach Lina
C022,Ksenia Mikhailova,ksenia.mikhailova22@testmail.com,12,2026-01-16,08:00,10:00,Hua Hin Lagoon,Transitions,Intermediate,Coach Art
C023,Andrey Loginov,andrey.loginov23@testmail.com,1,2025-12-24,12:00,14:00,Bangsaen Beach,Safety & wind theory,Advanced,Coach Ploy
C023,Andrey Loginov,andrey.loginov23@testmail.com,2,2025-12-26,12:00,14:00,Rayong Mae Ramphueng,Body drag,Advanced,Coach Mei
C023,Andrey Loginov,andrey.loginov23@testmail.com,3,2025-12-31,12:00,14:00,Bangsaen Beach,Water start,Beginner,Coach Mei
C023,Andrey Loginov,andrey.loginov23@testmail.com,4,2026-01-02,12:00,14:00,Hua Hin Lagoon,Riding upwind,Intermediate,Coach Ben
C023,Andrey Loginov,andrey.loginov23@testmail.com,5,2026-01-07,12:00,14:00,Hua Hin Lagoon,Transitions,Intermediate,Coach Mark
C023,Andrey Loginov,andrey.loginov23@testmail.com,6,2026-01-09,12:00,14:00,Pattaya Jomtien,Self rescue,Intermediate,Coach Dan
C023,Andrey Loginov,andrey.loginov23@testmail.com,7,2026-01-14,12:00,14:00,Pattaya Jomtien,Jump basics,Beginner,Coach Dan
C023,Andrey Loginov,andrey.loginov23@testmail.com,8,2026-01-16,12:00,14:00,Pattaya Jomtien,Safety & wind theory,Intermediate,Coach Dan
C024,Victoria Kravtsova,victoria.kravtsova24@testmail.com,1,2025-12-22,10:00,12:00,Phuket Nai Yang,Safety & wind theory,Intermediate,Coach Ben
C024,Victoria Kravtsova,victoria.kravtsova24@testmail.com,2,2025-12-24,10:00,12:00,Pattaya Jomtien,Body drag,Beginner,Coach Mark
C024,Victoria Kravtsova,victoria.kravtsova24@testmail.com,3,2025-12-26,10:00,12:00,Rayong Mae Ramphueng,Water start,Advanced,Coach Mark
C024,Victoria Kravtsova,victoria.kravtsova24@testmail.com,4,2025-12-29,10:00,12:00,Hua Hin Lagoon,Riding upwind,Intermediate,Coach Mei
C024,Victoria Kravtsova,victoria.kravtsova24@testmail.com,5,2025-12-31,10:00,12:00,Pranburi Beach,Transitions,Beginner,Coach Mark
C024,Victoria Kravtsova,victoria.kravtsova24@testmail.com,6,2026-01-02,10:00,12:00,Hua Hin Lagoon,Self rescue,Beginner,Coach Lina
C024,Victoria Kravtsova,victoria.kravtsova24@testmail.com,7,2026-01-05,10:00,12:00,Rayong Mae Ramphueng,Jump basics,Beginner,Coach Lina
C024,Victoria Kravtsova,victoria.kravtsova24@testmail.com,8,2026-01-07,10:00,12:00,Hua Hin Lagoon,Safety & wind theory,Beginner,Coach Ploy
C024,Victoria Kravtsova,victoria.kravtsova24@testmail.com,9,2026-01-09,10:00,12:00,Bangsaen Beach,Body drag,Advanced,Coach Art
C024,Victoria Kravtsova,victoria.kravtsova24@testmail.com,10,2026-01-12,10:00,12:00,Pattaya Jomtien,Water start,Beginner,Coach Mei
C024,Victoria Kravtsova,victoria.kravtsova24@testmail.com,11,2026-01-14,10:00,12:00,Phuket Nai Yang,Riding upwind,Intermediate,Coach Lina
C024,Victoria Kravtsova,victoria.kravtsova24@testmail.com,12,2026-01-16,10:00,12:00,Rayong Mae Ramphueng,Transitions,Advanced,Coach Mei
C025,Ilya Sorokin,ilya.sorokin25@testmail.com,1,2025-12-27,15:00,17:00,Bangsaen Beach,Safety & wind theory,Advanced,Coach Ben
C025,Ilya Sorokin,ilya.sorokin25@testmail.com,2,2026-01-03,15:00,17:00,Phuket Nai Yang,Body drag,Beginner,Coach Mark
C025,Ilya Sorokin,ilya.sorokin25@testmail.com,3,2026-01-10,15:00,17:00,Bangsaen Beach,Water start,Advanced,Coach Dan
C025,Ilya Sorokin,ilya.sorokin25@testmail.com,4,2026-01-17,15:00,17:00,Pranburi Beach,Riding upwind,Advanced,Coach Ploy
C026,Daria Melnikova,daria.melnikova26@testmail.com,1,2025-12-23,09:00,11:00,Pranburi Beach,Safety & wind theory,Intermediate,Coach Lina
C026,Daria Melnikova,daria.melnikova26@testmail.com,2,2025-12-25,09:00,11:00,Rayong Mae Ramphueng,Body drag,Beginner,Coach Mei
C026,Daria Melnikova,daria.melnikova26@testmail.com,3,2025-12-30,09:00,11:00,Hua Hin Lagoon,Water start,Advanced,Coach Mark
C026,Daria Melnikova,daria.melnikova26@testmail.com,4,2026-01-01,09:00,11:00,Phuket Nai Yang,Riding upwind,Advanced,Coach Ben
C026,Daria Melnikova,daria.melnikova26@testmail.com,5,2026-01-06,09:00,11:00,Rayong Mae Ramphueng,Transitions,Advanced,Coach Ben
C026,Daria Melnikova,daria.melnikova26@testmail.com,6,2026-01-08,09:00,11:00,Rayong Mae Ramphueng,Self rescue,Beginner,Coach Ben
C026,Daria Melnikova,daria.melnikova26@testmail.com,7,2026-01-13,09:00,11:00,Phuket Nai Yang,Jump basics,Beginner,Coach Art
C026,Daria Melnikova,daria.melnikova26@testmail.com,8,2026-01-15,09:00,11:00,Pranburi Beach,Safety & wind theory,Intermediate,Coach Dan
C027,Timur Akhmedov,timur.akhmedov27@testmail.com,1,2025-12-23,14:00,16:00,Rayong Mae Ramphueng,Safety & wind theory,Beginner,Coach Mei
C027,Timur Akhmedov,timur.akhmedov27@testmail.com,2,2025-12-25,14:00,16:00,Bangsaen Beach,Body drag,Intermediate,Coach Ben
C027,Timur Akhmedov,timur.akhmedov27@testmail.com,3,2025-12-30,14:00,16:00,Pattaya Jomtien,Water start,Intermediate,Coach Mark
C027,Timur Akhmedov,timur.akhmedov27@testmail.com,4,2026-01-01,14:00,16:00,Phuket Nai Yang,Riding upwind,Intermediate,Coach Mei
C027,Timur Akhmedov,timur.akhmedov27@testmail.com,5,2026-01-06,14:00,16:00,Pranburi Beach,Transitions,Intermediate,Coach Lina
C027,Timur Akhmedov,timur.akhmedov27@testmail.com,6,2026-01-08,14:00,16:00,Hua Hin Lagoon,Self rescue,Intermediate,Coach Mei
C027,Timur Akhmedov,timur.akhmedov27@testmail.com,7,2026-01-13,14:00,16:00,Pranburi Beach,Jump basics,Advanced,Coach Dan
C027,Timur Akhmedov,timur.akhmedov27@testmail.com,8,2026-01-15,14:00,16:00,Rayong Mae Ramphueng,Safety & wind theory,Advanced,Coach Ben
C028,Ekaterina Borisova,ekaterina.borisova28@testmail.com,1,2025-12-24,14:00,16:00,Pattaya Jomtien,Safety & wind theory,Intermediate,Coach Ploy
C028,Ekaterina Borisova,ekaterina.borisova28@testmail.com,2,2025-12-27,14:00,16:00,Rayong Mae Ramphueng,Body drag,Advanced,Coach Dan
C028,Ekaterina Borisova,ekaterina.borisova28@testmail.com,3,2025-12-31,14:00,16:00,Hua Hin Lagoon,Water start,Intermediate,Coach Ben
C028,Ekaterina Borisova,ekaterina.borisova28@testmail.com,4,2026-01-03,14:00,16:00,Phuket Nai Yang,Riding upwind,Beginner,Coach Ploy
C028,Ekaterina Borisova,ekaterina.borisova28@testmail.com,5,2026-01-07,14:00,16:00,Pattaya Jomtien,Transitions,Beginner,Coach Art
C028,Ekaterina Borisova,ekaterina.borisova28@testmail.com,6,2026-01-10,14:00,16:00,Pranburi Beach,Self rescue,Advanced,Coach Ploy
C028,Ekaterina Borisova,ekaterina.borisova28@testmail.com,7,2026-01-14,14:00,16:00,Bangsaen Beach,Jump basics,Intermediate,Coach Ploy
C028,Ekaterina Borisova,ekaterina.borisova28@testmail.com,8,2026-01-17,14:00,16:00,Hua Hin Lagoon,Safety & wind theory,Intermediate,Coach Ploy
C029,Vladislav Popov,vladislav.popov29@testmail.com,1,2025-12-22,10:00,12:00,Phuket Nai Yang,Safety & wind theory,Beginner,Coach Ben
C029,Vladislav Popov,vladislav.popov29@testmail.com,2,2025-12-24,10:00,12:00,Phuket Nai Yang,Body drag,Intermediate,Coach Dan
C029,Vladislav Popov,vladislav.popov29@testmail.com,3,2025-12-26,10:00,12:00,Pranburi Beach,Water start,Advanced,Coach Dan
C029,Vladislav Popov,vladislav.popov29@testmail.com,4,2025-12-29,10:00,12:00,Bangsaen Beach,Riding upwind,Advanced,Coach Art
C029,Vladislav Popov,vladislav.popov29@testmail.com,5,2025-12-31,10:00,12:00,Bangsaen Beach,Transitions,Beginner,Coach Lina
C029,Vladislav Popov,vladislav.popov29@testmail.com,6,2026-01-02,10:00,12:00,Pattaya Jomtien,Self rescue,Advanced,Coach Ploy
C029,Vladislav Popov,vladislav.popov29@testmail.com,7,2026-01-05,10:00,12:00,Hua Hin Lagoon,Jump basics,Advanced,Coach Mei
C029,Vladislav Popov,vladislav.popov29@testmail.com,8,2026-01-07,10:00,12:00,Pranburi Beach,Safety & wind theory,Intermediate,Coach Mei
C029,Vladislav Popov,vladislav.popov29@testmail.com,9,2026-01-09,10:00,12:00,Pattaya Jomtien,Body drag,Intermediate,Coach Ben
C029,Vladislav Popov,vladislav.popov29@testmail.com,10,2026-01-12,10:00,12:00,Bangsaen Beach,Water start,Beginner,Coach Dan
C029,Vladislav Popov,vladislav.popov29@testmail.com,11,2026-01-14,10:00,12:00,Pattaya Jomtien,Riding upwind,Beginner,Coach Mei
C029,Vladislav Popov,vladislav.popov29@testmail.com,12,2026-01-16,10:00,12:00,Phuket Nai Yang,Transitions,Beginner,Coach Mei
C030,Marina Kulikova,marina.kulikova30@testmail.com,1,2025-12-23,09:00,11:00,Phuket Nai Yang,Safety & wind theory,Advanced,Coach Ploy
C030,Marina Kulikova,marina.kulikova30@testmail.com,2,2025-12-25,09:00,11:00,Rayong Mae Ramphueng,Body drag,Advanced,Coach Dan
C030,Marina Kulikova,marina.kulikova30@testmail.com,3,2025-12-30,09:00,11:00,Pranburi Beach,Water start,Intermediate,Coach Art
C030,Marina Kulikova,marina.kulikova30@testmail.com,4,2026-01-01,09:00,11:00,Phuket Nai Yang,Riding upwind,Intermediate,Coach Mei
C030,Marina Kulikova,marina.kulikova30@testmail.com,5,2026-01-06,09:00,11:00,Phuket Nai Yang,Transitions,Intermediate,Coach Dan
C030,Marina Kulikova,marina.kulikova30@testmail.com,6,2026-01-08,09:00,11:00,Hua Hin Lagoon,Self rescue,Intermediate,Coach Mark
C030,Marina Kulikova,marina.kulikova30@testmail.com,7,2026-01-13,09:00,11:00,Hua Hin Lagoon,Jump basics,Advanced,Coach Dan
C030,Marina Kulikova,marina.kulikova30@testmail.com,8,2026-01-15,09:00,11:00,Pranburi Beach,Safety & wind theory,Beginner,Coach Art
C031,Nikita Stepanov,nikita.stepanov31@testmail.com,1,2025-12-23,14:00,16:00,Hua Hin Lagoon,Safety & wind theory,Advanced,Coach Lina
C031,Nikita Stepanov,nikita.stepanov31@testmail.com,2,2025-12-25,14:00,16:00,Pranburi Beach,Body drag,Beginner,Coach Ploy
C031,Nikita Stepanov,nikita.stepanov31@testmail.com,3,2025-12-30,14:00,16:00,Pranburi Beach,Water start,Intermediate,Coach Art
C031,Nikita Stepanov,nikita.stepanov31@testmail.com,4,2026-01-01,14:00,16:00,Rayong Mae Ramphueng,Riding upwind,Advanced,Coach Dan
C031,Nikita Stepanov,nikita.stepanov31@testmail.com,5,2026-01-06,14:00,16:00,Hua Hin Lagoon,Transitions,Beginner,Coach Dan
C031,Nikita Stepanov,nikita.stepanov31@testmail.com,6,2026-01-08,14:00,16:00,Phuket Nai Yang,Self rescue,Beginner,Coach Lina
C031,Nikita Stepanov,nikita.stepanov31@testmail.com,7,2026-01-13,14:00,16:00,Bangsaen Beach,Jump basics,Intermediate,Coach Mei
C031,Nikita Stepanov,nikita.stepanov31@testmail.com,8,2026-01-15,14:00,16:00,Hua Hin Lagoon,Safety & wind theory,Advanced,Coach Dan
C032,Vera Kiseleva,vera.kiseleva32@testmail.com,1,2025-12-27,09:00,11:00,Bangsaen Beach,Safety & wind theory,Beginner,Coach Art
C032,Vera Kiseleva,vera.kiseleva32@testmail.com,2,2025-12-28,09:00,11:00,Pranburi Beach,Body drag,Intermediate,Coach Lina
C032,Vera Kiseleva,vera.kiseleva32@testmail.com,3,2026-01-03,09:00,11:00,Pattaya Jomtien,Water start,Advanced,Coach Mark
C032,Vera Kiseleva,vera.kiseleva32@testmail.com,4,2026-01-04,09:00,11:00,Rayong Mae Ramphueng,Riding upwind,Beginner,Coach Dan
C032,Vera Kiseleva,vera.kiseleva32@testmail.com,5,2026-01-10,09:00,11:00,Pattaya Jomtien,Transitions,Intermediate,Coach Ploy
C032,Vera Kiseleva,vera.kiseleva32@testmail.com,6,2026-01-11,09:00,11:00,Hua Hin Lagoon,Self rescue,Intermediate,Coach Mark
C032,Vera Kiseleva,vera.kiseleva32@testmail.com,7,2026-01-17,09:00,11:00,Pattaya Jomtien,Jump basics,Intermediate,Coach Mark
C032,Vera Kiseleva,vera.kiseleva32@testmail.com,8,2026-01-18,09:00,11:00,Pattaya Jomtien,Safety & wind theory,Beginner,Coach Ploy
C033,Stepan Voronin,stepan.voronin33@testmail.com,1,2025-12-23,14:00,16:00,Rayong Mae Ramphueng,Safety & wind theory,Beginner,Coach Mei
C033,Stepan Voronin,stepan.voronin33@testmail.com,2,2025-12-25,14:00,16:00,Bangsaen Beach,Body drag,Advanced,Coach Lina
C033,Stepan Voronin,stepan.voronin33@testmail.com,3,2025-12-30,14:00,16:00,Rayong Mae Ramphueng,Water start,Beginner,Coach Dan
C033,Stepan Voronin,stepan.voronin33@testmail.com,4,2026-01-01,14:00,16:00,Hua Hin Lagoon,Riding upwind,Beginner,Coach Mark
C033,Stepan Voronin,stepan.voronin33@testmail.com,5,2026-01-06,14:00,16:00,Pattaya Jomtien,Transitions,Advanced,Coach Art
C033,Stepan Voronin,stepan.voronin33@testmail.com,6,2026-01-08,14:00,16:00,Rayong Mae Ramphueng,Self rescue,Advanced,Coach Lina
C033,Stepan Voronin,stepan.voronin33@testmail.com,7,2026-01-13,14:00,16:00,Pattaya Jomtien,Jump basics,Advanced,Coach Ploy
C033,Stepan Voronin,stepan.voronin33@testmail.com,8,2026-01-15,14:00,16:00,Phuket Nai Yang,Safety & wind theory,Intermediate,Coach Ben
C034,Lidia Pankratova,lidia.pankratova34@testmail.com,1,2025-12-22,08:00,10:00,Pattaya Jomtien,Safety & wind theory,Advanced,Coach Dan
C034,Lidia Pankratova,lidia.pankratova34@testmail.com,2,2025-12-24,08:00,10:00,Rayong Mae Ramphueng,Body drag,Advanced,Coach Mark
C034,Lidia Pankratova,lidia.pankratova34@testmail.com,3,2025-12-26,08:00,10:00,Pranburi Beach,Water start,Advanced,Coach Mark
C034,Lidia Pankratova,lidia.pankratova34@testmail.com,4,2025-12-29,08:00,10:00,Pranburi Beach,Riding upwind,Beginner,Coach Lina
C034,Lidia Pankratova,lidia.pankratova34@testmail.com,5,2025-12-31,08:00,10:00,Pranburi Beach,Transitions,Intermediate,Coach Mark
C034,Lidia Pankratova,lidia.pankratova34@testmail.com,6,2026-01-02,08:00,10:00,Hua Hin Lagoon,Self rescue,Beginner,Coach Lina
C034,Lidia Pankratova,lidia.pankratova34@testmail.com,7,2026-01-05,08:00,10:00,Bangsaen Beach,Jump basics,Advanced,Coach Lina
C034,Lidia Pankratova,lidia.pankratova34@testmail.com,8,2026-01-07,08:00,10:00,Pattaya Jomtien,Safety & wind theory,Beginner,Coach Ploy
C034,Lidia Pankratova,lidia.pankratova34@testmail.com,9,2026-01-09,08:00,10:00,Rayong Mae Ramphueng,Body drag,Advanced,Coach Ploy
C034,Lidia Pankratova,lidia.pankratova34@testmail.com,10,2026-01-12,08:00,10:00,Bangsaen Beach,Water start,Intermediate,Coach Lina
C034,Lidia Pankratova,lidia.pankratova34@testmail.com,11,2026-01-14,08:00,10:00,Pranburi Beach,Riding upwind,Intermediate,Coach Dan
C034,Lidia Pankratova,lidia.pankratova34@testmail.com,12,2026-01-16,08:00,10:00,Pattaya Jomtien,Transitions,Advanced,Coach Mark
C035,Gleb Lebedev,gleb.lebedev35@testmail.com,1,2025-12-26,10:00,13:00,Hua Hin Lagoon,Safety & wind theory,Advanced,Coach Dan
C035,Gleb Lebedev,gleb.lebedev35@testmail.com,2,2025-12-28,10:00,13:00,Rayong Mae Ramphueng,Body drag,Advanced,Coach Mei
C035,Gleb Lebedev,gleb.lebedev35@testmail.com,3,2026-01-02,10:00,13:00,Pattaya Jomtien,Water start,Beginner,Coach Mark
C035,Gleb Lebedev,gleb.lebedev35@testmail.com,4,2026-01-04,10:00,13:00,Hua Hin Lagoon,Riding upwind,Advanced,Coach Mei
C035,Gleb Lebedev,gleb.lebedev35@testmail.com,5,2026-01-09,10:00,13:00,Phuket Nai Yang,Transitions,Beginner,Coach Ben
C035,Gleb Lebedev,gleb.lebedev35@testmail.com,6,2026-01-11,10:00,13:00,Bangsaen Beach,Self rescue,Beginner,Coach Mark
C035,Gleb Lebedev,gleb.lebedev35@testmail.com,7,2026-01-16,10:00,13:00,Phuket Nai Yang,Jump basics,Beginner,Coach Art
C035,Gleb Lebedev,gleb.lebedev35@testmail.com,8,2026-01-18,10:00,13:00,Rayong Mae Ramphueng,Safety & wind theory,Advanced,Coach Dan
C036,Taisia Bogdanova,taisia.bogdanova36@testmail.com,1,2025-12-22,10:00,12:00,Bangsaen Beach,Safety & wind theory,Intermediate,Coach Ploy
C036,Taisia Bogdanova,taisia.bogdanova36@testmail.com,2,2025-12-24,10:00,12:00,Phuket Nai Yang,Body drag,Advanced,Coach Mei
C036,Taisia Bogdanova,taisia.bogdanova36@testmail.com,3,2025-12-26,10:00,12:00,Phuket Nai Yang,Water start,Intermediate,Coach Art
C036,Taisia Bogdanova,taisia.bogdanova36@testmail.com,4,2025-12-29,10:00,12:00,Pattaya Jomtien,Riding upwind,Advanced,Coach Ploy
C036,Taisia Bogdanova,taisia.bogdanova36@testmail.com,5,2025-12-31,10:00,12:00,Rayong Mae Ramphueng,Transitions,Beginner,Coach Mark
C036,Taisia Bogdanova,taisia.bogdanova36@testmail.com,6,2026-01-02,10:00,12:00,Pranburi Beach,Self rescue,Intermediate,Coach Dan
C036,Taisia Bogdanova,taisia.bogdanova36@testmail.com,7,2026-01-05,10:00,12:00,Phuket Nai Yang,Jump basics,Advanced,Coach Mark
C036,Taisia Bogdanova,taisia.bogdanova36@testmail.com,8,2026-01-07,10:00,12:00,Hua Hin Lagoon,Safety & wind theory,Beginner,Coach Mei
C036,Taisia Bogdanova,taisia.bogdanova36@testmail.com,9,2026-01-09,10:00,12:00,Rayong Mae Ramphueng,Body drag,Advanced,Coach Mark
C036,Taisia Bogdanova,taisia.bogdanova36@testmail.com,10,2026-01-12,10:00,12:00,Phuket Nai Yang,Water start,Advanced,Coach Art
C036,Taisia Bogdanova,taisia.bogdanova36@testmail.com,11,2026-01-14,10:00,12:00,Hua Hin Lagoon,Riding upwind,Beginner,Coach Ploy
C036,Taisia Bogdanova,taisia.bogdanova36@testmail.com,12,2026-01-16,10:00,12:00,Pranburi Beach,Transitions,Advanced,Coach Ploy
C037,Konstantin Kiselev,konstantin.kiselev37@testmail.com,1,2025-12-24,14:00,16:00,Hua Hin Lagoon,Safety & wind theory,Intermediate,Coach Art
C037,Konstantin Kiselev,konstantin.kiselev37@testmail.com,2,2025-12-27,14:00,16:00,Pranburi Beach,Body drag,Intermediate,Coach Ben
C037,Konstantin Kiselev,konstantin.kiselev37@testmail.com,3,2025-12-31,14:00,16:00,Bangsaen Beach,Water start,Intermediate,Coach Ploy
C037,Konstantin Kiselev,konstantin.kiselev37@testmail.com,4,2026-01-03,14:00,16:00,Pattaya Jomtien,Riding upwind,Intermediate,Coach Dan
C037,Konstantin Kiselev,konstantin.kiselev37@testmail.com,5,2026-01-07,14:00,16:00,Pranburi Beach,Transitions,Intermediate,Coach Mark
C037,Konstantin Kiselev,konstantin.kiselev37@testmail.com,6,2026-01-10,14:00,16:00,Phuket Nai Yang,Self rescue,Beginner,Coach Ploy
C037,Konstantin Kiselev,konstantin.kiselev37@testmail.com,7,2026-01-14,14:00,16:00,Pattaya Jomtien,Jump basics,Advanced,Coach Dan
C037,Konstantin Kiselev,konstantin.kiselev37@testmail.com,8,2026-01-17,14:00,16:00,Pattaya Jomtien,Safety & wind theory,Advanced,Coach Ben
C038,Inna Karpova,inna.karpova38@testmail.com,1,2025-12-23,18:00,20:00,Bangsaen Beach,Safety & wind theory,Advanced,Coach Ploy
C038,Inna Karpova,inna.karpova38@testmail.com,2,2025-12-26,18:00,20:00,Phuket Nai Yang,Body drag,Beginner,Coach Dan
C038,Inna Karpova,inna.karpova38@testmail.com,3,2025-12-30,18:00,20:00,Bangsaen Beach,Water start,Intermediate,Coach Ben
C038,Inna Karpova,inna.karpova38@testmail.com,4,2026-01-02,18:00,20:00,Rayong Mae Ramphueng,Riding upwind,Intermediate,Coach Ben
C038,Inna Karpova,inna.karpova38@testmail.com,5,2026-01-06,18:00,20:00,Pranburi Beach,Transitions,Beginner,Coach Ben
C038,Inna Karpova,inna.karpova38@testmail.com,6,2026-01-09,18:00,20:00,Pattaya Jomtien,Self rescue,Advanced,Coach Ploy
C038,Inna Karpova,inna.karpova38@testmail.com,7,2026-01-13,18:00,20:00,Hua Hin Lagoon,Jump basics,Beginner,Coach Art
C038,Inna Karpova,inna.karpova38@testmail.com,8,2026-01-16,18:00,20:00,Rayong Mae Ramphueng,Safety & wind theory,Intermediate,Coach Ben
C039,Boris Zaitsev,boris.zaitsev39@testmail.com,1,2025-12-23,18:00,20:00,Pranburi Beach,Safety & wind theory,Intermediate,Coach Ploy
C039,Boris Zaitsev,boris.zaitsev39@testmail.com,2,2025-12-26,18:00,20:00,Hua Hin Lagoon,Body drag,Beginner,Coach Dan
C039,Boris Zaitsev,boris.zaitsev39@testmail.com,3,2025-12-30,18:00,20:00,Hua Hin Lagoon,Water start,Advanced,Coach Dan
C039,Boris Zaitsev,boris.zaitsev39@testmail.com,4,2026-01-02,18:00,20:00,Pranburi Beach,Riding upwind,Intermediate,Coach Ploy
C039,Boris Zaitsev,boris.zaitsev39@testmail.com,5,2026-01-06,18:00,20:00,Bangsaen Beach,Transitions,Beginner,Coach Mei
C039,Boris Zaitsev,boris.zaitsev39@testmail.com,6,2026-01-09,18:00,20:00,Hua Hin Lagoon,Self rescue,Advanced,Coach Mei
C039,Boris Zaitsev,boris.zaitsev39@testmail.com,7,2026-01-13,18:00,20:00,Phuket Nai Yang,Jump basics,Beginner,Coach Art
C039,Boris Zaitsev,boris.zaitsev39@testmail.com,8,2026-01-16,18:00,20:00,Rayong Mae Ramphueng,Safety & wind theory,Beginner,Coach Ploy
C040,Karina Gromova,karina.gromova40@testmail.com,1,2025-12-24,12:00,14:00,Hua Hin Lagoon,Safety & wind theory,Beginner,Coach Ben
C040,Karina Gromova,karina.gromova40@testmail.com,2,2025-12-26,12:00,14:00,Pattaya Jomtien,Body drag,Beginner,Coach Mark
C040,Karina Gromova,karina.gromova40@testmail.com,3,2025-12-31,12:00,14:00,Hua Hin Lagoon,Water start,Advanced,Coach Ploy
C040,Karina Gromova,karina.gromova40@testmail.com,4,2026-01-02,12:00,14:00,Phuket Nai Yang,Riding upwind,Advanced,Coach Art
C040,Karina Gromova,karina.gromova40@testmail.com,5,2026-01-07,12:00,14:00,Phuket Nai Yang,Transitions,Advanced,Coach Ploy
C040,Karina Gromova,karina.gromova40@testmail.com,6,2026-01-09,12:00,14:00,Pattaya Jomtien,Self rescue,Intermediate,Coach Lina
C040,Karina Gromova,karina.gromova40@testmail.com,7,2026-01-14,12:00,14:00,Rayong Mae Ramphueng,Jump basics,Intermediate,Coach Lina
C040,Karina Gromova,karina.gromova40@testmail.com,8,2026-01-16,12:00,14:00,Hua Hin Lagoon,Safety & wind theory,Intermediate,Coach Art
C041,Fyodor Frolov,fyodor.frolov41@testmail.com,1,2025-12-24,14:00,16:00,Pranburi Beach,Safety & wind theory,Advanced,Coach Lina
C041,Fyodor Frolov,fyodor.frolov41@testmail.com,2,2025-12-27,14:00,16:00,Phuket Nai Yang,Body drag,Beginner,Coach Ben
C041,Fyodor Frolov,fyodor.frolov41@testmail.com,3,2025-12-31,14:00,16:00,Phuket Nai Yang,Water start,Intermediate,Coach Ben
C041,Fyodor Frolov,fyodor.frolov41@testmail.com,4,2026-01-03,14:00,16:00,Phuket Nai Yang,Riding upwind,Advanced,Coach Ben
C041,Fyodor Frolov,fyodor.frolov41@testmail.com,5,2026-01-07,14:00,16:00,Phuket Nai Yang,Transitions,Beginner,Coach Mei
C041,Fyodor Frolov,fyodor.frolov41@testmail.com,6,2026-01-10,14:00,16:00,Rayong Mae Ramphueng,Self rescue,Intermediate,Coach Art
C041,Fyodor Frolov,fyodor.frolov41@testmail.com,7,2026-01-14,14:00,16:00,Pattaya Jomtien,Jump basics,Advanced,Coach Ben
C041,Fyodor Frolov,fyodor.frolov41@testmail.com,8,2026-01-17,14:00,16:00,Pattaya Jomtien,Safety & wind theory,Beginner,Coach Art
C042,Anastasia Novikova,anastasia.novikova42@testmail.com,1,2025-12-24,12:00,14:00,Phuket Nai Yang,Safety & wind theory,Intermediate,Coach Dan
C042,Anastasia Novikova,anastasia.novikova42@testmail.com,2,2025-12-26,12:00,14:00,Rayong Mae Ramphueng,Body drag,Advanced,Coach Ploy
C042,Anastasia Novikova,anastasia.novikova42@testmail.com,3,2025-12-31,12:00,14:00,Phuket Nai Yang,Water start,Intermediate,Coach Ben
C042,Anastasia Novikova,anastasia.novikova42@testmail.com,4,2026-01-02,12:00,14:00,Pranburi Beach,Riding upwind,Beginner,Coach Lina
C042,Anastasia Novikova,anastasia.novikova42@testmail.com,5,2026-01-07,12:00,14:00,Pattaya Jomtien,Transitions,Advanced,Coach Lina
C042,Anastasia Novikova,anastasia.novikova42@testmail.com,6,2026-01-09,12:00,14:00,Bangsaen Beach,Self rescue,Intermediate,Coach Dan
C042,Anastasia Novikova,anastasia.novikova42@testmail.com,7,2026-01-14,12:00,14:00,Pattaya Jomtien,Jump basics,Advanced,Coach Mei
C042,Anastasia Novikova,anastasia.novikova42@testmail.com,8,2026-01-16,12:00,14:00,Pattaya Jomtien,Safety & wind theory,Intermediate,Coach Mei
C043,Yaroslav Shishkin,yaroslav.shishkin43@testmail.com,1,2025-12-27,09:00,11:00,Hua Hin Lagoon,Safety & wind theory,Advanced,Coach Ploy
C043,Yaroslav Shishkin,yaroslav.shishkin43@testmail.com,2,2025-12-28,09:00,11:00,Hua Hin Lagoon,Body drag,Beginner,Coach Art
C043,Yaroslav Shishkin,yaroslav.shishkin43@testmail.com,3,2026-01-03,09:00,11:00,Phuket Nai Yang,Water start,Advanced,Coach Ben
C043,Yaroslav Shishkin,yaroslav.shishkin43@testmail.com,4,2026-01-04,09:00,11:00,Pattaya Jomtien,Riding upwind,Beginner,Coach Mark
C043,Yaroslav Shishkin,yaroslav.shishkin43@testmail.com,5,2026-01-10,09:00,11:00,Pattaya Jomtien,Transitions,Advanced,Coach Mark
C043,Yaroslav Shishkin,yaroslav.shishkin43@testmail.com,6,2026-01-11,09:00,11:00,Hua Hin Lagoon,Self rescue,Advanced,Coach Ploy
C043,Yaroslav Shishkin,yaroslav.shishkin43@testmail.com,7,2026-01-17,09:00,11:00,Hua Hin Lagoon,Jump basics,Advanced,Coach Mark
C043,Yaroslav Shishkin,yaroslav.shishkin43@testmail.com,8,2026-01-18,09:00,11:00,Phuket Nai Yang,Safety & wind theory,Intermediate,Coach Dan
C044,Galina Kharitonova,galina.kharitonova44@testmail.com,1,2025-12-26,10:00,13:00,Pranburi Beach,Safety & wind theory,Advanced,Coach Ploy
C044,Galina Kharitonova,galina.kharitonova44@testmail.com,2,2025-12-28,10:00,13:00,Bangsaen Beach,Body drag,Advanced,Coach Ben
C044,Galina Kharitonova,galina.kharitonova44@testmail.com,3,2026-01-02,10:00,13:00,Pranburi Beach,Water start,Intermediate,Coach Ben
C044,Galina Kharitonova,galina.kharitonova44@testmail.com,4,2026-01-04,10:00,13:00,Pattaya Jomtien,Riding upwind,Advanced,Coach Dan
C044,Galina Kharitonova,galina.kharitonova44@testmail.com,5,2026-01-09,10:00,13:00,Pranburi Beach,Transitions,Advanced,Coach Ben
C044,Galina Kharitonova,galina.kharitonova44@testmail.com,6,2026-01-11,10:00,13:00,Rayong Mae Ramphueng,Self rescue,Intermediate,Coach Mark
C044,Galina Kharitonova,galina.kharitonova44@testmail.com,7,2026-01-16,10:00,13:00,Bangsaen Beach,Jump basics,Advanced,Coach Lina
C044,Galina Kharitonova,galina.kharitonova44@testmail.com,8,2026-01-18,10:00,13:00,Pranburi Beach,Safety & wind theory,Advanced,Coach Dan
C045,Maksimilian Semenov,maksimilian.semenov45@testmail.com,1,2025-12-28,16:00,18:00,Pranburi Beach,Safety & wind theory,Beginner,Coach Mark
C045,Maksimilian Semenov,maksimilian.semenov45@testmail.com,2,2026-01-04,16:00,18:00,Bangsaen Beach,Body drag,Intermediate,Coach Ben
C045,Maksimilian Semenov,maksimilian.semenov45@testmail.com,3,2026-01-11,16:00,18:00,Pranburi Beach,Water start,Advanced,Coach Ben
C045,Maksimilian Semenov,maksimilian.semenov45@testmail.com,4,2026-01-18,16:00,18:00,Pattaya Jomtien,Riding upwind,Beginner,Coach Lina
C046,Larisa Vasileva,larisa.vasileva46@testmail.com,1,2025-12-22,08:00,10:00,Phuket Nai Yang,Safety & wind theory,Advanced,Coach Mark
C046,Larisa Vasileva,larisa.vasileva46@testmail.com,2,2025-12-24,08:00,10:00,Phuket Nai Yang,Body drag,Beginner,Coach Ben
C046,Larisa Vasileva,larisa.vasileva46@testmail.com,3,2025-12-26,08:00,10:00,Phuket Nai Yang,Water start,Beginner,Coach Dan
C046,Larisa Vasileva,larisa.vasileva46@testmail.com,4,2025-12-29,08:00,10:00,Pattaya Jomtien,Riding upwind,Intermediate,Coach Lina
C046,Larisa Vasileva,larisa.vasileva46@testmail.com,5,2025-12-31,08:00,10:00,Rayong Mae Ramphueng,Transitions,Beginner,Coach Ploy
C046,Larisa Vasileva,larisa.vasileva46@testmail.com,6,2026-01-02,08:00,10:00,Pranburi Beach,Self rescue,Advanced,Coach Ben
C046,Larisa Vasileva,larisa.vasileva46@testmail.com,7,2026-01-05,08:00,10:00,Hua Hin Lagoon,Jump basics,Beginner,Coach Lina
C046,Larisa Vasileva,larisa.vasileva46@testmail.com,8,2026-01-07,08:00,10:00,Rayong Mae Ramphueng,Safety & wind theory,Beginner,Coach Ben
C046,Larisa Vasileva,larisa.vasileva46@testmail.com,9,2026-01-09,08:00,10:00,Rayong Mae Ramphueng,Body drag,Intermediate,Coach Mei
C046,Larisa Vasileva,larisa.vasileva46@testmail.com,10,2026-01-12,08:00,10:00,Pattaya Jomtien,Water start,Beginner,Coach Art
C046,Larisa Vasileva,larisa.vasileva46@testmail.com,11,2026-01-14,08:00,10:00,Hua Hin Lagoon,Riding upwind,Beginner,Coach Ploy
C046,Larisa Vasileva,larisa.vasileva46@testmail.com,12,2026-01-16,08:00,10:00,Phuket Nai Yang,Transitions,Advanced,Coach Ploy
C047,Vladimir Kuznetsov,vladimir.kuznetsov47@testmail.com,1,2025-12-23,18:00,20:00,Pranburi Beach,Safety & wind theory,Intermediate,Coach Mark
C047,Vladimir Kuznetsov,vladimir.kuznetsov47@testmail.com,2,2025-12-26,18:00,20:00,Phuket Nai Yang,Body drag,Intermediate,Coach Mei
C047,Vladimir Kuznetsov,vladimir.kuznetsov47@testmail.com,3,2025-12-30,18:00,20:00,Hua Hin Lagoon,Water start,Advanced,Coach Mark
C047,Vladimir Kuznetsov,vladimir.kuznetsov47@testmail.com,4,2026-01-02,18:00,20:00,Phuket Nai Yang,Riding upwind,Intermediate,Coach Art
C047,Vladimir Kuznetsov,vladimir.kuznetsov47@testmail.com,5,2026-01-06,18:00,20:00,Pranburi Beach,Transitions,Intermediate,Coach Ploy
C047,Vladimir Kuznetsov,vladimir.kuznetsov47@testmail.com,6,2026-01-09,18:00,20:00,Phuket Nai Yang,Self rescue,Advanced,Coach Ploy
C047,Vladimir Kuznetsov,vladimir.kuznetsov47@testmail.com,7,2026-01-13,18:00,20:00,Hua Hin Lagoon,Jump basics,Intermediate,Coach Ploy
C047,Vladimir Kuznetsov,vladimir.kuznetsov47@testmail.com,8,2026-01-16,18:00,20:00,Bangsaen Beach,Safety & wind theory,Intermediate,Coach Lina
C048,Mila Solovyova,mila.solovyova48@testmail.com,1,2025-12-22,16:00,18:00,Rayong Mae Ramphueng,Safety & wind theory,Intermediate,Coach Dan
C048,Mila Solovyova,mila.solovyova48@testmail.com,2,2025-12-25,16:00,18:00,Phuket Nai Yang,Body drag,Advanced,Coach Mei
C048,Mila Solovyova,mila.solovyova48@testmail.com,3,2025-12-29,16:00,18:00,Bangsaen Beach,Water start,Intermediate,Coach Ben
C048,Mila Solovyova,mila.solovyova48@testmail.com,4,2026-01-01,16:00,18:00,Pattaya Jomtien,Riding upwind,Advanced,Coach Dan
C048,Mila Solovyova,mila.solovyova48@testmail.com,5,2026-01-05,16:00,18:00,Rayong Mae Ramphueng,Transitions,Beginner,Coach Ben
C048,Mila Solovyova,mila.solovyova48@testmail.com,6,2026-01-08,16:00,18:00,Pranburi Beach,Self rescue,Advanced,Coach Mark
C048,Mila Solovyova,mila.solovyova48@testmail.com,7,2026-01-12,16:00,18:00,Pranburi Beach,Jump basics,Advanced,Coach Ploy
C048,Mila Solovyova,mila.solovyova48@testmail.com,8,2026-01-15,16:00,18:00,Hua Hin Lagoon,Safety & wind theory,Intermediate,Coach Art
C049,Georgy Dronov,georgy.dronov49@testmail.com,1,2025-12-27,09:00,11:00,Hua Hin Lagoon,Safety & wind theory,Intermediate,Coach Mei
C049,Georgy Dronov,georgy.dronov49@testmail.com,2,2025-12-28,09:00,11:00,Rayong Mae Ramphueng,Body drag,Beginner,Coach Dan
C049,Georgy Dronov,georgy.dronov49@testmail.com,3,2026-01-03,09:00,11:00,Pranburi Beach,Water start,Advanced,Coach Ben
C049,Georgy Dronov,georgy.dronov49@testmail.com,4,2026-01-04,09:00,11:00,Pranburi Beach,Riding upwind,Advanced,Coach Ben
C049,Georgy Dronov,georgy.dronov49@testmail.com,5,2026-01-10,09:00,11:00,Pranburi Beach,Transitions,Beginner,Coach Mark
C049,Georgy Dronov,georgy.dronov49@testmail.com,6,2026-01-11,09:00,11:00,Pranburi Beach,Self rescue,Advanced,Coach Mark
C049,Georgy Dronov,georgy.dronov49@testmail.com,7,2026-01-17,09:00,11:00,Pattaya Jomtien,Jump basics,Intermediate,Coach Mark
C049,Georgy Dronov,georgy.dronov49@testmail.com,8,2026-01-18,09:00,11:00,Phuket Nai Yang,Safety & wind theory,Advanced,Coach Mei
C050,Sofia Sergeeva,sofia.sergeeva50@testmail.com,1,2025-12-28,16:00,18:00,Bangsaen Beach,Safety & wind theory,Beginner,Coach Dan
C050,Sofia Sergeeva,sofia.sergeeva50@testmail.com,2,2026-01-04,16:00,18:00,Pranburi Beach,Body drag,Intermediate,Coach Ploy
C050,Sofia Sergeeva,sofia.sergeeva50@testmail.com,3,2026-01-11,16:00,18:00,Hua Hin Lagoon,Water start,Beginner,Coach Lina
C050,Sofia Sergeeva,sofia.sergeeva50@testmail.com,4,2026-01-18,16:00,18:00,Phuket Nai Yang,Riding upwind,Advanced,Coach Art
C051,Igor Baranov,igor.baranov51@testmail.com,1,2025-12-22,08:00,10:00,Phuket Nai Yang,Safety & wind theory,Advanced,Coach Ben
C051,Igor Baranov,igor.baranov51@testmail.com,2,2025-12-24,08:00,10:00,Phuket Nai Yang,Body drag,Beginner,Coach Ben
C051,Igor Baranov,igor.baranov51@testmail.com,3,2025-12-26,08:00,10:00,Phuket Nai Yang,Water start,Intermediate,Coach Mei
C051,Igor Baranov,igor.baranov51@testmail.com,4,2025-12-29,08:00,10:00,Bangsaen Beach,Riding upwind,Intermediate,Coach Ploy
C051,Igor Baranov,igor.baranov51@testmail.com,5,2025-12-31,08:00,10:00,Hua Hin Lagoon,Transitions,Beginner,Coach Ben
C051,Igor Baranov,igor.baranov51@testmail.com,6,2026-01-02,08:00,10:00,Pranburi Beach,Self rescue,Beginner,Coach Mei
C051,Igor Baranov,igor.baranov51@testmail.com,7,2026-01-05,08:00,10:00,Pattaya Jomtien,Jump basics,Advanced,Coach Ben
C051,Igor Baranov,igor.baranov51@testmail.com,8,2026-01-07,08:00,10:00,Phuket Nai Yang,Safety & wind theory,Advanced,Coach Mark
C051,Igor Baranov,igor.baranov51@testmail.com,9,2026-01-09,08:00,10:00,Bangsaen Beach,Body drag,Intermediate,Coach Dan
C051,Igor Baranov,igor.baranov51@testmail.com,10,2026-01-12,08:00,10:00,Bangsaen Beach,Water start,Advanced,Coach Ploy
C051,Igor Baranov,igor.baranov51@testmail.com,11,2026-01-14,08:00,10:00,Pranburi Beach,Riding upwind,Intermediate,Coach Mei
C051,Igor Baranov,igor.baranov51@testmail.com,12,2026-01-16,08:00,10:00,Phuket Nai Yang,Transitions,Advanced,Coach Art
C052,Tanya Titova,tanya.titova52@testmail.com,1,2025-12-22,10:00,12:00,Pranburi Beach,Safety & wind theory,Intermediate,Coach Dan
C052,Tanya Titova,tanya.titova52@testmail.com,2,2025-12-24,10:00,12:00,Pranburi Beach,Body drag,Beginner,Coach Lina
C052,Tanya Titova,tanya.titova52@testmail.com,3,2025-12-26,10:00,12:00,Bangsaen Beach,Water start,Intermediate,Coach Art
C052,Tanya Titova,tanya.titova52@testmail.com,4,2025-12-29,10:00,12:00,Phuket Nai Yang,Riding upwind,Advanced,Coach Art
C052,Tanya Titova,tanya.titova52@testmail.com,5,2025-12-31,10:00,12:00,Pranburi Beach,Transitions,Beginner,Coach Mark
C052,Tanya Titova,tanya.titova52@testmail.com,6,2026-01-02,10:00,12:00,Pattaya Jomtien,Self rescue,Advanced,Coach Mei
C052,Tanya Titova,tanya.titova52@testmail.com,7,2026-01-05,10:00,12:00,Pranburi Beach,Jump basics,Intermediate,Coach Ploy
C052,Tanya Titova,tanya.titova52@testmail.com,8,2026-01-07,10:00,12:00,Hua Hin Lagoon,Safety & wind theory,Beginner,Coach Mark
C052,Tanya Titova,tanya.titova52@testmail.com,9,2026-01-09,10:00,12:00,Phuket Nai Yang,Body drag,Beginner,Coach Ploy
C052,Tanya Titova,tanya.titova52@testmail.com,10,2026-01-12,10:00,12:00,Bangsaen Beach,Water start,Beginner,Coach Lina
C052,Tanya Titova,tanya.titova52@testmail.com,11,2026-01-14,10:00,12:00,Hua Hin Lagoon,Riding upwind,Advanced,Coach Ploy
C052,Tanya Titova,tanya.titova52@testmail.com,12,2026-01-16,10:00,12:00,Phuket Nai Yang,Transitions,Intermediate,Coach Mei
C053,Lev Kondratyev,lev.kondratyev53@testmail.com,1,2025-12-24,12:00,14:00,Pranburi Beach,Safety & wind theory,Advanced,Coach Art
C053,Lev Kondratyev,lev.kondratyev53@testmail.com,2,2025-12-26,12:00,14:00,Rayong Mae Ramphueng,Body drag,Intermediate,Coach Mei
C053,Lev Kondratyev,lev.kondratyev53@testmail.com,3,2025-12-31,12:00,14:00,Hua Hin Lagoon,Water start,Advanced,Coach Ploy
C053,Lev Kondratyev,lev.kondratyev53@testmail.com,4,2026-01-02,12:00,14:00,Bangsaen Beach,Riding upwind,Advanced,Coach Ben
C053,Lev Kondratyev,lev.kondratyev53@testmail.com,5,2026-01-07,12:00,14:00,Rayong Mae Ramphueng,Transitions,Intermediate,Coach Ploy
C053,Lev Kondratyev,lev.kondratyev53@testmail.com,6,2026-01-09,12:00,14:00,Bangsaen Beach,Self rescue,Intermediate,Coach Mei
C053,Lev Kondratyev,lev.kondratyev53@testmail.com,7,2026-01-14,12:00,14:00,Hua Hin Lagoon,Jump basics,Intermediate,Coach Ploy
C053,Lev Kondratyev,lev.kondratyev53@testmail.com,8,2026-01-16,12:00,14:00,Hua Hin Lagoon,Safety & wind theory,Intermediate,Coach Ben
C054,Zoya Rogova,zoya.rogova54@testmail.com,1,2025-12-22,10:00,12:00,Bangsaen Beach,Safety & wind theory,Intermediate,Coach Mei
C054,Zoya Rogova,zoya.rogova54@testmail.com,2,2025-12-24,10:00,12:00,Rayong Mae Ramphueng,Body drag,Intermediate,Coach Mei
C054,Zoya Rogova,zoya.rogova54@testmail.com,3,2025-12-26,10:00,12:00,Bangsaen Beach,Water start,Intermediate,Coach Ploy
C054,Zoya Rogova,zoya.rogova54@testmail.com,4,2025-12-29,10:00,12:00,Hua Hin Lagoon,Riding upwind,Intermediate,Coach Mark
C054,Zoya Rogova,zoya.rogova54@testmail.com,5,2025-12-31,10:00,12:00,Bangsaen Beach,Transitions,Intermediate,Coach Mei
C054,Zoya Rogova,zoya.rogova54@testmail.com,6,2026-01-02,10:00,12:00,Pranburi Beach,Self rescue,Beginner,Coach Mei
C054,Zoya Rogova,zoya.rogova54@testmail.com,7,2026-01-05,10:00,12:00,Bangsaen Beach,Jump basics,Advanced,Coach Mark
C054,Zoya Rogova,zoya.rogova54@testmail.com,8,2026-01-07,10:00,12:00,Hua Hin Lagoon,Safety & wind theory,Intermediate,Coach Lina
C054,Zoya Rogova,zoya.rogova54@testmail.com,9,2026-01-09,10:00,12:00,Hua Hin Lagoon,Body drag,Advanced,Coach Mark
C054,Zoya Rogova,zoya.rogova54@testmail.com,10,2026-01-12,10:00,12:00,Hua Hin Lagoon,Water start,Advanced,Coach Art
C054,Zoya Rogova,zoya.rogova54@testmail.com,11,2026-01-14,10:00,12:00,Hua Hin Lagoon,Riding upwind,Beginner,Coach Dan
C054,Zoya Rogova,zoya.rogova54@testmail.com,12,2026-01-16,10:00,12:00,Rayong Mae Ramphueng,Transitions,Beginner,Coach Mark
C055,Ruslan Fomin,ruslan.fomin55@testmail.com,1,2025-12-23,09:00,11:00,Hua Hin Lagoon,Safety & wind theory,Intermediate,Coach Lina
C055,Ruslan Fomin,ruslan.fomin55@testmail.com,2,2025-12-25,09:00,11:00,Phuket Nai Yang,Body drag,Advanced,Coach Ben
C055,Ruslan Fomin,ruslan.fomin55@testmail.com,3,2025-12-30,09:00,11:00,Bangsaen Beach,Water start,Beginner,Coach Mei
C055,Ruslan Fomin,ruslan.fomin55@testmail.com,4,2026-01-01,09:00,11:00,Hua Hin Lagoon,Riding upwind,Beginner,Coach Mark
C055,Ruslan Fomin,ruslan.fomin55@testmail.com,5,2026-01-06,09:00,11:00,Hua Hin Lagoon,Transitions,Intermediate,Coach Art
C055,Ruslan Fomin,ruslan.fomin55@testmail.com,6,2026-01-08,09:00,11:00,Bangsaen Beach,Self rescue,Intermediate,Coach Lina
C055,Ruslan Fomin,ruslan.fomin55@testmail.com,7,2026-01-13,09:00,11:00,Bangsaen Beach,Jump basics,Intermediate,Coach Lina
C055,Ruslan Fomin,ruslan.fomin55@testmail.com,8,2026-01-15,09:00,11:00,Pattaya Jomtien,Safety & wind theory,Advanced,Coach Art
C056,Alisa Markova,alisa.markova56@testmail.com,1,2025-12-24,14:00,16:00,Pranburi Beach,Safety & wind theory,Beginner,Coach Mark
C056,Alisa Markova,alisa.markova56@testmail.com,2,2025-12-27,14:00,16:00,Pattaya Jomtien,Body drag,Intermediate,Coach Ben
C056,Alisa Markova,alisa.markova56@testmail.com,3,2025-12-31,14:00,16:00,Rayong Mae Ramphueng,Water start,Intermediate,Coach Art
C056,Alisa Markova,alisa.markova56@testmail.com,4,2026-01-03,14:00,16:00,Pattaya Jomtien,Riding upwind,Beginner,Coach Art
C056,Alisa Markova,alisa.markova56@testmail.com,5,2026-01-07,14:00,16:00,Rayong Mae Ramphueng,Transitions,Beginner,Coach Mark
C056,Alisa Markova,alisa.markova56@testmail.com,6,2026-01-10,14:00,16:00,Pranburi Beach,Self rescue,Advanced,Coach Art
C056,Alisa Markova,alisa.markova56@testmail.com,7,2026-01-14,14:00,16:00,Pattaya Jomtien,Jump basics,Intermediate,Coach Mei
C056,Alisa Markova,alisa.markova56@testmail.com,8,2026-01-17,14:00,16:00,Bangsaen Beach,Safety & wind theory,Beginner,Coach Ploy
C057,Anton Krylov,anton.krylov57@testmail.com,1,2025-12-28,16:00,18:00,Pattaya Jomtien,Safety & wind theory,Intermediate,Coach Mei
C057,Anton Krylov,anton.krylov57@testmail.com,2,2026-01-04,16:00,18:00,Pattaya Jomtien,Body drag,Beginner,Coach Mei
C057,Anton Krylov,anton.krylov57@testmail.com,3,2026-01-11,16:00,18:00,Bangsaen Beach,Water start,Intermediate,Coach Mark
C057,Anton Krylov,anton.krylov57@testmail.com,4,2026-01-18,16:00,18:00,Rayong Mae Ramphueng,Riding upwind,Intermediate,Coach Lina
C058,Oksana Ignatova,oksana.ignatova58@testmail.com,1,2025-12-22,10:00,12:00,Hua Hin Lagoon,Safety & wind theory,Beginner,Coach Dan
C058,Oksana Ignatova,oksana.ignatova58@testmail.com,2,2025-12-24,10:00,12:00,Pranburi Beach,Body drag,Advanced,Coach Art
C058,Oksana Ignatova,oksana.ignatova58@testmail.com,3,2025-12-26,10:00,12:00,Pranburi Beach,Water start,Advanced,Coach Dan
C058,Oksana Ignatova,oksana.ignatova58@testmail.com,4,2025-12-29,10:00,12:00,Rayong Mae Ramphueng,Riding upwind,Intermediate,Coach Art
C058,Oksana Ignatova,oksana.ignatova58@testmail.com,5,2025-12-31,10:00,12:00,Pattaya Jomtien,Transitions,Intermediate,Coach Art
C058,Oksana Ignatova,oksana.ignatova58@testmail.com,6,2026-01-02,10:00,12:00,Pattaya Jomtien,Self rescue,Advanced,Coach Mark
C058,Oksana Ignatova,oksana.ignatova58@testmail.com,7,2026-01-05,10:00,12:00,Bangsaen Beach,Jump basics,Advanced,Coach Ben
C058,Oksana Ignatova,oksana.ignatova58@testmail.com,8,2026-01-07,10:00,12:00,Pranburi Beach,Safety & wind theory,Advanced,Coach Ben
C058,Oksana Ignatova,oksana.ignatova58@testmail.com,9,2026-01-09,10:00,12:00,Pranburi Beach,Body drag,Advanced,Coach Ben
C058,Oksana Ignatova,oksana.ignatova58@testmail.com,10,2026-01-12,10:00,12:00,Pattaya Jomtien,Water start,Beginner,Coach Ploy
C058,Oksana Ignatova,oksana.ignatova58@testmail.com,11,2026-01-14,10:00,12:00,Pattaya Jomtien,Riding upwind,Beginner,Coach Dan
C058,Oksana Ignatova,oksana.ignatova58@testmail.com,12,2026-01-16,10:00,12:00,Pattaya Jomtien,Transitions,Intermediate,Coach Ploy
C059,Mikhail Malyshev,mikhail.malyshev59@testmail.com,1,2025-12-23,18:00,20:00,Bangsaen Beach,Safety & wind theory,Advanced,Coach Dan
C059,Mikhail Malyshev,mikhail.malyshev59@testmail.com,2,2025-12-26,18:00,20:00,Phuket Nai Yang,Body drag,Intermediate,Coach Mei
C059,Mikhail Malyshev,mikhail.malyshev59@testmail.com,3,2025-12-30,18:00,20:00,Phuket Nai Yang,Water start,Intermediate,Coach Lina
C059,Mikhail Malyshev,mikhail.malyshev59@testmail.com,4,2026-01-02,18:00,20:00,Pattaya Jomtien,Riding upwind,Advanced,Coach Mark
C059,Mikhail Malyshev,mikhail.malyshev59@testmail.com,5,2026-01-06,18:00,20:00,Bangsaen Beach,Transitions,Beginner,Coach Mark
C059,Mikhail Malyshev,mikhail.malyshev59@testmail.com,6,2026-01-09,18:00,20:00,Bangsaen Beach,Self rescue,Intermediate,Coach Mei
C059,Mikhail Malyshev,mikhail.malyshev59@testmail.com,7,2026-01-13,18:00,20:00,Phuket Nai Yang,Jump basics,Advanced,Coach Ben
C059,Mikhail Malyshev,mikhail.malyshev59@testmail.com,8,2026-01-16,18:00,20:00,Rayong Mae Ramphueng,Safety & wind theory,Beginner,Coach Mark
C060,Nina Ponomareva,nina.ponomareva60@testmail.com,1,2025-12-23,14:00,16:00,Rayong Mae Ramphueng,Safety & wind theory,Advanced,Coach Art
C060,Nina Ponomareva,nina.ponomareva60@testmail.com,2,2025-12-25,14:00,16:00,Pranburi Beach,Body drag,Intermediate,Coach Mark
C060,Nina Ponomareva,nina.ponomareva60@testmail.com,3,2025-12-30,14:00,16:00,Phuket Nai Yang,Water start,Intermediate,Coach Ben
C060,Nina Ponomareva,nina.ponomareva60@testmail.com,4,2026-01-01,14:00,16:00,Pattaya Jomtien,Riding upwind,Advanced,Coach Ben
C060,Nina Ponomareva,nina.ponomareva60@testmail.com,5,2026-01-06,14:00,16:00,Bangsaen Beach,Transitions,Advanced,Coach Dan
C060,Nina Ponomareva,nina.ponomareva60@testmail.com,6,2026-01-08,14:00,16:00,Phuket Nai Yang,Self rescue,Advanced,Coach Dan
C060,Nina Ponomareva,nina.ponomareva60@testmail.com,7,2026-01-13,14:00,16:00,Rayong Mae Ramphueng,Jump basics,Beginner,Coach Art
C060,Nina Ponomareva,nina.ponomareva60@testmail.com,8,2026-01-15,14:00,16:00,Hua Hin Lagoon,Safety & wind theory,Beginner,Coach Mei
